날짜,시간,경기,게임센터,하이라이트,TV,라디오,구장,비고
03.22(토),14:00,롯데2vs12LG,리뷰,하이라이트,K-2T,,잠실,-
,14:00,두산5vs6SSG,리뷰,하이라이트,MS-T,,문학,-
,,,,,SPO-T,,,
,,,,,SPO-2T,,,
,14:00,키움5vs13삼성,리뷰,하이라이트,SS-T,,대구,-
,,,,,KN-T,,,
,14:00,한화4vs3KT,리뷰,하이라이트,S-T,,수원,-
,14:00,NC2vs9KIA,리뷰,하이라이트,M-T,,광주,-
03.23(일),14:00,롯데2vs10LG,리뷰,하이라이트,KN-T,,잠실,-
,14:00,두산2vs5SSG,리뷰,하이라이트,SPO-T,,문학,-
,14:00,키움7vs11삼성,리뷰,하이라이트,SPO-2T,,대구,-
,14:00,한화4vs5KT,리뷰,하이라이트,MS-T,,수원,-
,14:00,NC5vs4KIA,리뷰,하이라이트,SS-T,,광주,-
03.25(화),18:30,한화0vs5LG,리뷰,하이라이트,SS-T,,잠실,-
,18:30,롯데3vs2SSG,리뷰,하이라이트,TVING,,문학,-
,18:30,NC5vs14삼성,리뷰,하이라이트,MS-T,,대구,-
,18:30,두산3vs8KT,리뷰,하이라이트,SPO-2T,,수원,-
,18:30,키움6vs11KIA,리뷰,하이라이트,SPO-T,,광주,-
03.26(수),18:30,한화0vs4LG,리뷰,하이라이트,SS-T,,잠실,-
,18:30,롯데1vs3SSG,리뷰,하이라이트,TVING,,문학,-
,18:30,NC8vs6삼성,리뷰,하이라이트,MS-T,,대구,-
,18:30,두산3vs2KT,리뷰,하이라이트,SPO-2T,,수원,-
,18:30,키움17vs10KIA,리뷰,하이라이트,SPO-T,,광주,-
03.27(목),18:30,한화1vs2LG,리뷰,하이라이트,SS-T,,잠실,-
,18:30,롯데2vs5SSG,리뷰,하이라이트,TVING,,문학,-
,18:30,NC11vs5삼성,리뷰,하이라이트,MS-T,,대구,-
,18:30,두산3vs4KT,리뷰,하이라이트,SPO-2T,,수원,-
,18:30,키움5vs3KIA,리뷰,하이라이트,SPO-T,,광주,-
03.28(금),18:30,삼성0vs2두산,리뷰,하이라이트,SPO-T,,잠실,-
,18:30,KT2vs0롯데,리뷰,하이라이트,TVING,,사직,-
,18:30,LG8vs4NC,리뷰,하이라이트,KN-T,,창원,-
,18:30,SSG3vs9키움,리뷰,하이라이트,MS-T,,고척,-
,18:30,KIA2vs7한화,리뷰,하이라이트,SPO-2T,,대전,-
03.29(토),14:00,SSG1vs3키움,리뷰,하이라이트,S-T,,고척,-
,14:00,KIA4vs5한화,리뷰,하이라이트,K-2T,,대전,-
,17:00,삼성13vs2두산,리뷰,하이라이트,SPO-T,,잠실,-
,,,,,SS-T,,,
,17:00,KT1vs3롯데,리뷰,하이라이트,KN-T,,사직,-
,,,,,MS-T,,,
,17:00,LG14vs4NC,리뷰,하이라이트,SPO-2T,,창원,-
03.30(일),14:00,삼성3vs2두산,리뷰,하이라이트,SPO-T,,잠실,-
,14:00,KT4vs4롯데,리뷰,하이라이트,TVING,,사직,-
,14:00,LGvsNC,,,SPO-2T,,창원,기타
,14:00,SSG8vs2키움,리뷰,하이라이트,KN-T,,고척,-
,,,,,MS-T,,,
,14:00,KIA5vs3한화,리뷰,하이라이트,M-T,,대전,-
날짜,시간,경기,게임센터,하이라이트,TV,라디오,구장,비고
04.01(화),18:30,키움vs두산,,,SS-T,,잠실,기타
,18:30,SSGvsNC,,,TVING,,창원,기타
,18:30,LGvsKT,,,SPO-T,,수원,기타
,18:30,삼성vsKIA,,,MS-T,,광주,기타
,18:30,롯데vs한화,,,SPO-2T,,대전,기타
04.02(수),18:30,키움3vs5두산,리뷰,하이라이트,TVING,,잠실,-
,18:30,SSGvsNC,,,KN-T,,창원,기타
,18:30,LG5vs9KT,리뷰,하이라이트,SPO-T,,수원,-
,18:30,삼성4vs2KIA,리뷰,하이라이트,MS-T,,광주,-
,18:30,롯데6vs2한화,리뷰,하이라이트,SPO-2T,,대전,-
04.03(목),18:30,키움1vs6두산,리뷰,하이라이트,TVING,,잠실,-
,18:30,SSGvsNC,,,KN-T,,창원,기타
,18:30,LG5vs1KT,리뷰,하이라이트,SPO-T,,수원,-
,18:30,삼성1vs3KIA,리뷰,하이라이트,MS-T,,광주,-
,18:30,롯데4vs2한화,리뷰,하이라이트,SPO-2T,,대전,-
04.04(금),18:30,KIA2vs8LG,리뷰,하이라이트,KN-T,,잠실,-
,18:30,KT2vs3SSG,리뷰,하이라이트,SPO-T,,문학,-
,18:30,두산15vs3롯데,리뷰,하이라이트,SPO-2T,,사직,-
,18:30,한화0vs5삼성,리뷰,하이라이트,MS-T,,대구,-
,18:30,NC1vs5키움,리뷰,하이라이트,TVING,,고척,-
04.05(토),14:00,KIAvsLG,,,S-T,,잠실,우천취소
,14:00,한화7vs6삼성,리뷰,하이라이트,K-2T,,대구,-
,17:00,KTvsSSG,,,MS-T,,문학,우천취소
,,,,,SPO-2T,,,
,17:00,두산1vs6롯데,리뷰,하이라이트,KN-T,,사직,-
,17:00,NC7vs5키움,리뷰,하이라이트,SPO-T,,고척,-
,,,,,SS-T,,,
04.06(일),14:00,KIA1vs5LG,리뷰,하이라이트,M-T,,잠실,-
,14:00,KT0vs1SSG,리뷰,하이라이트,SPO-2T,,문학,-
,14:00,두산15vs12롯데,리뷰,하이라이트,MS-T,,사직,-
,14:00,한화0vs10삼성,리뷰,하이라이트,KN-T,,대구,-
,14:00,NC8vs2키움,리뷰,하이라이트,SPO-T,,고척,-
04.08(화),18:30,한화5vs6두산,리뷰,하이라이트,SS-T,,잠실,-
,18:30,KIA5vs4롯데,리뷰,하이라이트,SPO-T,,사직,-
,18:30,SSG3vs7삼성,리뷰,하이라이트,TVING,,대구,-
,18:30,NC2vs3KT,리뷰,하이라이트,MS-T,,수원,-
,18:30,LG13vs1키움,리뷰,하이라이트,SPO-2T,,고척,-
04.09(수),18:30,한화5vs4두산,리뷰,하이라이트,SS-T,,잠실,-
,18:30,KIA3vs1롯데,리뷰,하이라이트,SPO-T,,사직,-
,18:30,SSG3vs1삼성,리뷰,하이라이트,KN-T,,대구,-
,18:30,NC1vs4KT,리뷰,하이라이트,MS-T,,수원,-
,18:30,LG0vs4키움,리뷰,하이라이트,SPO-2T,,고척,-
04.10(목),18:30,한화7vs2두산,리뷰,하이라이트,SS-T,,잠실,-
,18:30,KIA3vs8롯데,리뷰,하이라이트,SPO-T,,사직,-
,18:30,SSG2vs3삼성,리뷰,하이라이트,KN-T,,대구,-
,18:30,NC7vs0KT,리뷰,하이라이트,MS-T,,수원,-
,18:30,LG7vs3키움,리뷰,하이라이트,SPO-2T,,고척,-
04.11(금),18:30,두산2vs5LG,리뷰,하이라이트,SPO-T,,잠실,-
,18:30,롯데7vs5NC,리뷰,하이라이트,KN-T,,사직,-
,18:30,삼성3vs5KT,리뷰,하이라이트,SPO-2T,,수원,-
,18:30,SSG9vs3KIA,리뷰,하이라이트,MS-T,,광주,-
,18:30,키움2vs12한화,리뷰,하이라이트,SS-T,,대전,-
04.12(토),14:00,두산0vs4LG,리뷰,하이라이트,S-T,,잠실,-
,14:00,삼성vsKT,,,K-2T,,수원,우천취소
,17:00,롯데2vs0NC,리뷰,하이라이트,SPO-2T,,사직,-
,,,,,KN-T,,,
,17:00,SSGvsKIA,,,MS-T,,광주,우천취소
,17:00,키움6vs2한화,리뷰,하이라이트,SPO-T,,대전,-
,,,,,SS-T,,,
04.13(일),14:00,두산9vs2LG,리뷰,하이라이트,M-T,,잠실,-
,14:00,롯데6vs9NC,리뷰,하이라이트,SS-T,,사직,-
,14:00,삼성5vs6KT,리뷰,하이라이트,SPO-2T,,수원,-
,,,,,KN-T,,,
,14:00,SSG5vs11KIA,리뷰,하이라이트,MS-T,,광주,-
,14:00,키움1vs7한화,리뷰,하이라이트,SPO-T,,대전,-
04.15(화),18:30,삼성0vs3LG,리뷰,하이라이트,MS-T,,잠실,-
,18:30,한화2vs0SSG,리뷰,하이라이트,SPO-T,,문학,-
,18:30,키움6vs8롯데,리뷰,하이라이트,SS-T,,사직,-
,,,,,SPO-2T,,,
,18:30,두산vsNC,,,,,창원,기타
,18:30,KT0vs1KIA,리뷰,하이라이트,KN-T,,광주,-
04.16(수),18:30,삼성2vs12LG,리뷰,하이라이트,MS-T,,잠실,-
,18:30,한화10vs4SSG,리뷰,하이라이트,SPO-T,,문학,-
,18:30,키움4vs6롯데,리뷰,하이라이트,SS-T,,사직,-
,,,,,SPO-2T,,,
,18:30,두산vsNC,,,,,창원,기타
,18:30,KT3vs0KIA,리뷰,하이라이트,KN-T,,광주,-
04.17(목),18:30,삼성6vs3LG,리뷰,하이라이트,MS-T,,잠실,-
,18:30,한화4vs2SSG,리뷰,하이라이트,SPO-T,,문학,-
,18:30,키움1vs7롯데,리뷰,하이라이트,SS-T,,사직,-
,,,,,SPO-2T,,,
,18:30,두산vsNC,,,,,창원,기타
,18:30,KT4vs5KIA,리뷰,하이라이트,KN-T,,광주,-
04.18(금),18:30,KIA1vs7두산,리뷰,하이라이트,SPO-2T,,잠실,-
,18:30,LG5vs1SSG,리뷰,하이라이트,SPO-T,,문학,-
,18:30,롯데8vs1삼성,리뷰,하이라이트,KN-T,,대구,-
,18:30,KT3vs4키움,리뷰,하이라이트,SS-T,,고척,-
,18:30,NC4vs12한화,리뷰,하이라이트,MS-T,,대전,-
04.19(토),14:00,KIA8vs4두산,리뷰,하이라이트,S-T,,잠실,-
,14:00,LG11vs4SSG,리뷰,하이라이트,K-2T,,문학,-
,17:00,롯데3vs10삼성,리뷰,하이라이트,SPO-2T,,대구,-
,17:00,KT11vs1키움,리뷰,하이라이트,SPO-T,,고척,-
,,,,,SS-T,,,
,17:00,NC2vs7한화,리뷰,하이라이트,KN-T,,대전,-
,,,,,MS-T,,,
04.20(일),14:00,KIA6vs2두산,리뷰,하이라이트,SPO-2T,,잠실,-
,14:00,LG3vs9SSG,리뷰,하이라이트,MS-T,,문학,-
,14:00,롯데4vs3삼성,리뷰,하이라이트,M-T,,대구,-
,14:00,KT5vs0키움,리뷰,하이라이트,SPO-T,,고척,-
,,,,,SS-T,,,
,14:00,NC1vs7한화,리뷰,하이라이트,KN-T,,대전,-
04.22(화),18:30,NC6vs5LG,리뷰,하이라이트,KN-T,,잠실,-
,18:30,한화vs롯데,,,SPO-2T,,사직,우천취소
,18:30,KIAvs삼성,,,SS-T,,대구,우천취소
,18:30,SSG3vs9KT,리뷰,하이라이트,MS-T,,수원,-
,18:30,두산4vs5키움,리뷰,하이라이트,SPO-T,,고척,-
04.23(수),18:30,NC0vs3LG,리뷰,하이라이트,KN-T,,잠실,-
,18:30,한화6vs4롯데,리뷰,하이라이트,SPO-2T,,사직,-
,18:30,KIA2vs7삼성,리뷰,하이라이트,SS-T,,대구,-
,18:30,SSG11vs5KT,리뷰,하이라이트,MS-T,,수원,-
,18:30,두산8vs2키움,리뷰,하이라이트,SPO-T,,고척,-
04.24(목),18:30,NC3vs1LG,리뷰,하이라이트,KN-T,,잠실,-
,18:30,한화3vs5롯데,리뷰,하이라이트,SPO-2T,,사직,-
,18:30,KIA5vs17삼성,리뷰,하이라이트,SS-T,,대구,-
,18:30,SSG6vs5KT,리뷰,하이라이트,MS-T,,수원,-
,18:30,두산9vs3키움,리뷰,하이라이트,SPO-T,,고척,-
04.25(금),18:30,롯데8vs2두산,리뷰,하이라이트,SPO-T,,잠실,-
,18:30,키움3vs4SSG,리뷰,하이라이트,SPO-2T,,문학,-
,18:30,NC6vs10삼성,리뷰,하이라이트,SS-T,,대구,-
,18:30,LG6vs5KIA,리뷰,하이라이트,MS-T,,광주,-
,18:30,KT2vs1한화,리뷰,하이라이트,KN-T,,대전,-
04.26(토),14:00,롯데7vs4두산,리뷰,하이라이트,K-2T,,잠실,-
,14:00,LG4vs8KIA,리뷰,하이라이트,S-T,,광주,-
,17:00,키움2vs1SSG,리뷰,하이라이트,SS-T,,문학,-
,,,,,SPO-2T,,,
,17:00,NC1vs9삼성,리뷰,하이라이트,SPO-T,,대구,-
,,,,,KN-T,,,
,17:00,KT1vs2한화,리뷰,하이라이트,MS-T,,대전,-
04.27(일),14:00,롯데4vs13두산,리뷰,하이라이트,SPO-T,,잠실,-
,14:00,키움7vs3SSG,리뷰,하이라이트,SS-T,,문학,-
,,,,,SPO-2T,,,
,14:00,NC4vs8삼성,리뷰,하이라이트,KN-T,,대구,-
,14:00,LG2vs3KIA,리뷰,하이라이트,M-T,,광주,-
,14:00,KT3vs4한화,리뷰,하이라이트,MS-T,,대전,-
04.29(화),18:30,KT3vs2두산,리뷰,하이라이트,SS-T,,잠실,-
,18:30,삼성3vs1SSG,리뷰,하이라이트,KN-T,,문학,-
,18:30,NC3vs13KIA,리뷰,하이라이트,MS-T,,광주,-
,18:30,롯데9vs3키움,리뷰,하이라이트,SPO-T,,고척,-
,18:30,LG2vs3한화,리뷰,하이라이트,SPO-2T,,대전,-
04.30(수),18:30,KT8vs3두산,리뷰,하이라이트,SS-T,,잠실,-
,18:30,삼성6vs6SSG,리뷰,하이라이트,KN-T,,문학,-
,18:30,NC7vs0KIA,리뷰,하이라이트,MS-T,,광주,-
,18:30,롯데10vs9키움,리뷰,하이라이트,SPO-T,,고척,-
,18:30,LG2vs5한화,리뷰,하이라이트,SPO-2T,,대전,-
날짜,시간,경기,게임센터,하이라이트,TV,라디오,구장,비고
05.01(목),18:30,KT3vs3두산,리뷰,하이라이트,SS-T,,잠실,-
,18:30,삼성1vs4SSG,리뷰,하이라이트,KN-T,,문학,-
,18:30,NCvsKIA,,,MS-T,,광주,우천취소
,18:30,롯데5vs0키움,리뷰,하이라이트,SPO-T,,고척,-
,18:30,LGvs한화,,,SPO-2T,,대전,우천취소
05.02(금),18:30,SSG2vs1LG,리뷰,하이라이트,SPO-T,,잠실,-
,18:30,NC3vs4롯데,리뷰,하이라이트,MS-T,,사직,-
,18:30,두산2vs6삼성,리뷰,하이라이트,SPO-2T,,대구,-
,18:30,키움5vs3KT,리뷰,하이라이트,KN-T,,수원,-
,18:30,한화3vs2KIA,리뷰,하이라이트,SS-T,,광주,-
05.03(토),14:00,한화vsKIA,,,K-2T,,광주,우천취소
,17:00,SSG1vs4LG,리뷰,하이라이트,SPO-2T,,잠실,-
,17:00,NC13vs4롯데,리뷰,하이라이트,SS-T,,사직,-
,17:00,두산6vs1삼성,리뷰,하이라이트,MS-T,,대구,-
,17:00,키움0vs9KT,리뷰,하이라이트,SPO-T,,수원,-
,,,,,KN-T,,,
05.04(일),14:00,SSG4vs12LG,리뷰,하이라이트,SPO-2T,,잠실,-
,14:00,NC9vs6롯데,리뷰,하이라이트,SS-T,,사직,-
,14:00,두산11vs6삼성,리뷰,하이라이트,MS-T,,대구,-
,14:00,키움4vs5KT,리뷰,하이라이트,SPO-T,,수원,-
,,,,,KN-T,,,
,14:00,한화3vs1KIA,리뷰,하이라이트,M-T,,광주,-
05.05(월),14:00,LG2vs5두산,리뷰,하이라이트,S-T,,잠실,-
,14:00,SSG7vs1롯데,리뷰,하이라이트,SPO-2T,,사직,-
,14:00,NC6vs2KT,리뷰,하이라이트,MS-T,,수원,-
,,,,,SPO-T,,,
,14:00,KIA13vs1키움,리뷰,하이라이트,SS-T,,고척,-
,14:00,삼성1vs3한화,리뷰,하이라이트,KN-T,,대전,-
05.06(화),14:00,LG5vs1두산,리뷰,하이라이트,K-2T,,잠실,-
,14:00,SSG0vs6롯데,리뷰,하이라이트,SS-T,,사직,-
,,,,,SPO-2T,,,
,14:00,NC6vs3KT,리뷰,하이라이트,MS-T,,수원,-
,,,,,SPO-T,,,
,14:00,KIA5vs3키움,리뷰,하이라이트,KN-T,,고척,-
,14:00,삼성1vs3한화,리뷰,하이라이트,M-T,,대전,-
05.07(수),18:30,LG2vs5두산,리뷰,하이라이트,SPO-2T,,잠실,-
,18:30,SSG2vs6롯데,리뷰,하이라이트,MS-T,,사직,-
,18:30,NC12vs2KT,리뷰,하이라이트,SPO-T,,수원,-
,18:30,KIA10vs11키움,리뷰,하이라이트,SS-T,,고척,-
,18:30,삼성6vs10한화,리뷰,하이라이트,KN-T,,대전,-
05.09(금),18:30,NCvs두산,,,MS-T,,잠실,우천취소
,18:30,KIAvsSSG,,,KN-T,,문학,우천취소
,18:30,LGvs삼성,,,SPO-T,,대구,우천취소
,18:30,롯데vsKT,,,SPO-2T,,수원,우천취소
,18:30,한화7vs5키움,리뷰,하이라이트,SS-T,,고척,-
05.10(토),14:00,한화9vs1키움,리뷰,하이라이트,S-T,,고척,-
,14:00,NCvs두산,,,SPO-2T,,잠실,우천취소
,14:00,KIAvsSSG,,,SPO-T,,문학,우천취소
,,,,,SS-T,,,
,14:00,LG5vs4삼성,리뷰,하이라이트,K-2T,,대구,-
,14:00,롯데vsKT,,,KN-T,,수원,우천취소
,17:00,NC6vs6두산,리뷰,하이라이트,SPO-2T,,잠실,-
,17:00,KIA5vs4SSG,리뷰,하이라이트,SPO-T,,문학,-
,17:00,롯데8vs5KT,리뷰,하이라이트,KN-T,,수원,-
,17:00,LG4vs1삼성,리뷰,하이라이트,MS-T,,대구,-
,,,,,SS-T,,,
05.11(일),14:00,LG7vs4삼성,리뷰,하이라이트,SPO-T,,대구,-
,14:00,한화8vs0키움,리뷰,하이라이트,KN-T,,고척,-
,14:00,NC11vs5두산,리뷰,하이라이트,SPO-2T,,잠실,-
,,,,,MS-T,,,
,14:00,KIA4vs8SSG,리뷰,하이라이트,M-T,,문학,-
,14:00,롯데6vs1KT,리뷰,하이라이트,SS-T,,수원,-
,17:00,NC5vs2두산,리뷰,하이라이트,SPO-2T,,잠실,-
,17:00,KIA1vs5SSG,리뷰,하이라이트,MS-T,,문학,-
,,,,,SPO-T,,,
,17:00,롯데1vs1KT,리뷰,하이라이트,SS-T,,수원,-
,,,,,KN-T,,,
05.13(화),18:30,키움6vs9LG,리뷰,하이라이트,SPO-T,,잠실,-
,18:30,NC3vs6SSG,리뷰,하이라이트,KN-T,,문학,-
,18:30,롯데1vs4KIA,리뷰,하이라이트,SPO-2T,,광주,-
,18:30,두산4vs3한화,리뷰,하이라이트,MS-T,,대전,-
,18:30,KT3vs5삼성,리뷰,하이라이트,SS-T,,포항,-
05.14(수),18:30,키움0vs12LG,리뷰,하이라이트,SPO-T,,잠실,-
,18:30,NC6vs3SSG,리뷰,하이라이트,KN-T,,문학,-
,18:30,롯데4vs0KIA,리뷰,하이라이트,SPO-2T,,광주,-
,18:30,두산7vs1한화,리뷰,하이라이트,MS-T,,대전,-
,18:30,KT3vs2삼성,리뷰,하이라이트,SS-T,,포항,-
05.15(목),18:30,키움2vs6LG,리뷰,하이라이트,SPO-T,,잠실,-
,18:30,NC0vs4SSG,리뷰,하이라이트,KN-T,,문학,-
,18:30,롯데6vs7KIA,리뷰,하이라이트,SPO-2T,,광주,-
,18:30,두산8vs2한화,리뷰,하이라이트,MS-T,,대전,-
,18:30,KT0vs13삼성,리뷰,하이라이트,SS-T,,포항,-
05.16(금),18:30,KTvsLG,,,SS-T,,잠실,우천취소
,18:30,삼성vs롯데,,,SPO-2T,,사직,우천취소
,18:30,두산vsKIA,,,MS-T,,광주,우천취소
,18:30,SSGvs한화,,,KN-T,,대전,우천취소
,18:30,키움vsNC,,,SPO-T,,울산,우천취소
05.17(토),14:00,KT12vs4LG,리뷰,하이라이트,S-T,,잠실,-
,14:00,삼성5vs7롯데,리뷰,하이라이트,K-2T,,사직,-
,14:00,두산2vs5KIA,리뷰,하이라이트,SPO-2T,,광주,-
,14:00,SSG0vs1한화,리뷰,하이라이트,KN-T,,대전,-
,14:00,키움2vs3NC,리뷰,하이라이트,SS-T,,울산,-
,17:00,KT7vs6LG,리뷰,하이라이트,SPO-T,,잠실,-
,17:00,삼성7vs8롯데,리뷰,하이라이트,MS-T,,사직,-
,17:00,두산1vs4KIA,리뷰,하이라이트,SPO-2T,,광주,-
,17:00,SSG5vs2한화,리뷰,하이라이트,KN-T,,대전,-
,17:00,키움3vs2NC,리뷰,하이라이트,SS-T,,울산,-
05.18(일),14:00,KT1vs5LG,리뷰,하이라이트,SS-T,,잠실,-
,14:00,삼성3vs6롯데,리뷰,하이라이트,SPO-2T,,사직,-
,14:00,두산4vs5KIA,리뷰,하이라이트,MS-T,,광주,-
,14:00,SSG7vs3한화,리뷰,하이라이트,KN-T,,대전,-
,14:00,키움0vs5NC,리뷰,하이라이트,SPO-T,,울산,-
05.20(화),18:30,SSG5vs3두산,리뷰,하이라이트,SS-T,,잠실,-
,18:30,LG17vs9롯데,리뷰,하이라이트,SPO-T,,사직,-
,18:30,KIA3vs5KT,리뷰,하이라이트,SPO-2T,,수원,-
,18:30,삼성6vs3키움,리뷰,하이라이트,MS-T,,고척,-
,18:30,한화4vs1NC,리뷰,하이라이트,KN-T,,울산,-
05.21(수),18:30,SSG9vs1두산,리뷰,하이라이트,SS-T,,잠실,-
,18:30,LG7vs7롯데,리뷰,하이라이트,SPO-T,,사직,-
,18:30,KIA1vs3KT,리뷰,하이라이트,SPO-2T,,수원,-
,18:30,삼성6vs1키움,리뷰,하이라이트,MS-T,,고척,-
,18:30,한화2vs5NC,리뷰,하이라이트,KN-T,,울산,-
05.22(목),18:30,SSG5vs6두산,리뷰,하이라이트,SS-T,,잠실,-
,18:30,LG4vs11롯데,리뷰,하이라이트,SPO-T,,사직,-
,18:30,KIA8vs3KT,리뷰,하이라이트,SPO-2T,,수원,-
,18:30,삼성2vs0키움,리뷰,하이라이트,MS-T,,고척,-
,18:30,한화3vs4NC,리뷰,하이라이트,KN-T,,울산,-
05.23(금),18:30,NC1vs1두산,리뷰,하이라이트,SPO-2T,,잠실,-
,18:30,LG3vs2SSG,리뷰,하이라이트,SPO-T,,문학,-
,18:30,KIA7vs6삼성,리뷰,하이라이트,KN-T,,대구,-
,18:30,KT7vs5키움,리뷰,하이라이트,MS-T,,고척,-
,18:30,롯데2vs4한화,리뷰,하이라이트,SS-T,,대전,-
05.24(토),14:00,KT10vs4키움,리뷰,하이라이트,S-T,,고척,-
,14:00,롯데8vs6한화,리뷰,하이라이트,K-2T,,대전,-
,17:00,NC5vs1두산,리뷰,하이라이트,SPO-2T,,잠실,-
,,,,,MS-T,,,
,17:00,LG4vs5SSG,리뷰,하이라이트,SPO-T,,문학,-
,,,,,KN-T,,,
,17:00,KIA4vs8삼성,리뷰,하이라이트,SS-T,,대구,-
05.25(일),14:00,NC3vs5두산,리뷰,하이라이트,KN-T,,잠실,-
,14:00,LG9vs3SSG,리뷰,하이라이트,SPO-T,,문학,-
,14:00,KIA2vs3삼성,리뷰,하이라이트,SS-T,,대구,-
,14:00,KT2vs0키움,리뷰,하이라이트,SPO-2T,,고척,-
,,,,,MS-T,,,
,14:00,롯데7vs8한화,리뷰,하이라이트,M-T,,대전,-
05.27(화),18:30,한화1vs2LG,리뷰,하이라이트,MS-T,,잠실,-
,18:30,NC1vs1SSG,리뷰,하이라이트,KN-T,,문학,-
,18:30,롯데3vs7삼성,리뷰,하이라이트,SPO-T,,대구,-
,18:30,두산1vs2KT,리뷰,하이라이트,SPO-2T,,수원,-
,18:30,키움5vs7KIA,리뷰,하이라이트,SS-T,,광주,-
05.28(수),18:30,한화6vs5LG,리뷰,하이라이트,MS-T,,잠실,-
,18:30,NC5vs13SSG,리뷰,하이라이트,KN-T,,문학,-
,18:30,롯데vs삼성,,,SPO-T,,대구,우천취소
,18:30,두산12vs3KT,리뷰,하이라이트,SPO-2T,,수원,-
,18:30,키움7vs13KIA,리뷰,하이라이트,SS-T,,광주,-
05.29(목),18:30,한화1vs3LG,리뷰,하이라이트,MS-T,,잠실,-
,18:30,NC5vs6SSG,리뷰,하이라이트,KN-T,,문학,-
,18:30,롯데3vs9삼성,리뷰,하이라이트,SPO-T,,대구,-
,18:30,두산2vs12KT,리뷰,하이라이트,SPO-2T,,수원,-
,18:30,키움3vs3KIA,리뷰,하이라이트,SS-T,,광주,-
05.30(금),18:30,삼성4vs3LG,리뷰,하이라이트,SPO-T,,잠실,-
,18:30,SSG5vs6롯데,리뷰,하이라이트,MS-T,,사직,-
,18:30,한화7vs1NC,리뷰,하이라이트,KN-T,,창원,-
,18:30,KIA1vs3KT,리뷰,하이라이트,SPO-2T,,수원,-
,18:30,두산9vs4키움,리뷰,하이라이트,SS-T,,고척,-
05.31(토),14:00,한화9vs6NC,리뷰,하이라이트,K-2T,,창원,-
,14:00,KIA1vs5KT,리뷰,하이라이트,S-T,,수원,-
,17:00,삼성4vs2LG,리뷰,하이라이트,SPO-2T,,잠실,-
,,,,,SPO-T,,,
,17:00,SSG4vs1롯데,리뷰,하이라이트,KN-T,,사직,-
,17:00,두산0vs1키움,리뷰,하이라이트,MS-T,,고척,-
,,,,,SS-T,,,
날짜,시간,경기,게임센터,하이라이트,TV,라디오,구장,비고
06.01(일),14:00,두산0vs1키움,리뷰,하이라이트,S-T,,고척,-
,17:00,삼성6vs4LG,리뷰,하이라이트,SPO-T,,잠실,-
,17:00,SSG4vs3롯데,리뷰,하이라이트,MS-T,,사직,-
,,,,,SS-T,,,
,17:00,한화5vs16NC,리뷰,하이라이트,KN-T,,창원,-
,17:00,KIA5vs3KT,리뷰,하이라이트,SPO-2T,,수원,-
06.03(화),14:00,LG15vs0NC,리뷰,하이라이트,SPO-T,,창원,-
,14:00,KT1vs10한화,리뷰,하이라이트,SS-T,,대전,-
,17:00,KIA11vs3두산,리뷰,하이라이트,KN-T,,잠실,-
,17:00,삼성4vs6SSG,리뷰,하이라이트,SPO-2T,,문학,-
,17:00,키움0vs8롯데,리뷰,하이라이트,MS-T,,사직,-
06.04(수),18:30,KIA8vs3두산,리뷰,하이라이트,KN-T,,잠실,-
,18:30,삼성1vs4SSG,리뷰,하이라이트,SPO-2T,,문학,-
,18:30,키움9vs6롯데,리뷰,하이라이트,MS-T,,사직,-
,18:30,LG5vs6NC,리뷰,하이라이트,SPO-T,,창원,-
,18:30,KT3vs4한화,리뷰,하이라이트,SS-T,,대전,-
06.05(목),18:30,KIA1vs2두산,리뷰,하이라이트,KN-T,,잠실,-
,18:30,삼성3vs1SSG,리뷰,하이라이트,SPO-2T,,문학,-
,18:30,키움10vs5롯데,리뷰,하이라이트,MS-T,,사직,-
,18:30,LG3vs1NC,리뷰,하이라이트,SPO-T,,창원,-
,18:30,KT7vs0한화,리뷰,하이라이트,SS-T,,대전,-
06.06(금),17:00,롯데2vs5두산,리뷰,하이라이트,MS-T,,잠실,-
,17:00,NC3vs7삼성,리뷰,하이라이트,SS-T,,대구,-
,17:00,SSG3vs10KT,리뷰,하이라이트,SPO-2T,,수원,-
,,,,,SPO-T,,,
,17:00,한화2vs3KIA,리뷰,하이라이트,K-2T,,광주,-
,17:00,LG1vs2키움,리뷰,하이라이트,KN-T,,고척,-
06.07(토),17:00,롯데9vs4두산,리뷰,하이라이트,SS-T,,잠실,-
,17:00,NC11vs7삼성,리뷰,하이라이트,KN-T,,대구,-
,17:00,SSG2vs3KT,리뷰,하이라이트,SPO-T,,수원,-
,17:00,한화3vs2KIA,리뷰,하이라이트,MS-T,,광주,-
,17:00,LG1vs4키움,리뷰,하이라이트,SPO-2T,,고척,-
06.08(일),14:00,LG7vs2키움,리뷰,하이라이트,M-T,,고척,-
,17:00,롯데4vs2두산,리뷰,하이라이트,SS-T,,잠실,-
,17:00,NC0vs1삼성,리뷰,하이라이트,KN-T,,대구,-
,17:00,SSG3vs2KT,리뷰,하이라이트,SPO-2T,,수원,-
,,,,,SPO-T,,,
,17:00,한화6vs7KIA,리뷰,하이라이트,MS-T,,광주,-
06.10(화),18:30,SSG6vs2LG,리뷰,하이라이트,KN-T,,잠실,-
,18:30,롯데3vs12KT,리뷰,하이라이트,SS-T,,수원,-
,18:30,삼성8vs0KIA,리뷰,하이라이트,SPO-T,,광주,-
,18:30,NC2vs2키움,리뷰,하이라이트,SPO-2T,,고척,-
,18:30,두산2vs6한화,리뷰,하이라이트,MS-T,,대전,-
06.11(수),18:30,SSG4vs6LG,리뷰,하이라이트,KN-T,,잠실,-
,18:30,롯데4vs3KT,리뷰,하이라이트,SS-T,,수원,-
,18:30,삼성3vs6KIA,리뷰,하이라이트,SPO-T,,광주,-
,18:30,NC7vs1키움,리뷰,하이라이트,SPO-2T,,고척,-
,18:30,두산1vs9한화,리뷰,하이라이트,MS-T,,대전,-
06.12(목),18:30,SSG6vs8LG,리뷰,하이라이트,KN-T,,잠실,-
,18:30,롯데12vs7KT,리뷰,하이라이트,SS-T,,수원,-
,18:30,삼성2vs1KIA,리뷰,하이라이트,SPO-T,,광주,-
,18:30,NC8vs6키움,리뷰,하이라이트,SPO-2T,,고척,-
,18:30,두산2vs3한화,리뷰,하이라이트,MS-T,,대전,-
06.13(금),18:30,키움vs두산,,,KN-T,,잠실,우천취소
,18:30,롯데vsSSG,,,SPO-T,,문학,우천취소
,18:30,KTvs삼성,,,SS-T,,대구,우천취소
,18:30,KIA1vs4NC,리뷰,하이라이트,MS-T,,창원,-
,18:30,LGvs한화,,,SPO-2T,,대전,우천취소
06.14(토),17:00,키움1vs4두산,리뷰,하이라이트,KN-T,,잠실,-
,17:00,롯데4vs2SSG,리뷰,하이라이트,SPO-T,,문학,-
,17:00,KT10vs3삼성,리뷰,하이라이트,SS-T,,대구,-
,17:00,KIA9vs8NC,리뷰,하이라이트,MS-T,,창원,-
,17:00,LG2vs2한화,리뷰,하이라이트,SPO-2T,,대전,-
06.15(일),17:00,키움2vs3두산,리뷰,하이라이트,KN-T,,잠실,-
,17:00,롯데0vs1SSG,리뷰,하이라이트,SPO-T,,문학,-
,17:00,KT16vs4삼성,리뷰,하이라이트,SS-T,,대구,-
,17:00,KIA4vs2NC,리뷰,하이라이트,MS-T,,창원,-
,17:00,LG5vs10한화,리뷰,하이라이트,SPO-2T,,대전,-
06.17(화),18:30,NC6vs2LG,리뷰,하이라이트,MS-T,,잠실,-
,18:30,한화6vs0롯데,리뷰,하이라이트,SS-T,,사직,-
,,,,,TVING,,,
,18:30,두산1vs12삼성,리뷰,하이라이트,KN-T,,대구,-
,18:30,KT3vs10KIA,리뷰,하이라이트,SPO-T,,광주,-
,18:30,SSG11vs1키움,리뷰,하이라이트,SPO-2T,,고척,-
06.18(수),18:30,NC8vs9LG,리뷰,하이라이트,MS-T,,잠실,-
,18:30,한화3vs6롯데,리뷰,하이라이트,SS-T,,사직,-
,18:30,두산3vs6삼성,리뷰,하이라이트,KN-T,,대구,-
,18:30,KT3vs5KIA,리뷰,하이라이트,SPO-T,,광주,-
,18:30,SSG2vs3키움,리뷰,하이라이트,SPO-2T,,고척,-
06.19(목),18:30,NC3vs0LG,리뷰,하이라이트,MS-T,,잠실,-
,18:30,한화3vs4롯데,리뷰,하이라이트,SS-T,,사직,-
,18:30,두산9vs8삼성,리뷰,하이라이트,KN-T,,대구,-
,18:30,KT0vs5KIA,리뷰,하이라이트,SPO-T,,광주,-
,18:30,SSG4vs2키움,리뷰,하이라이트,SPO-2T,,고척,-
06.20(금),18:30,두산vsLG,,,MS-T,,잠실,우천취소
,18:30,KIAvsSSG,,,SPO-T,,문학,우천취소
,,,,,TVING,,,
,18:30,삼성1vs3롯데,리뷰,하이라이트,SS-T,,사직,-
,18:30,NCvsKT,,,KN-T,,수원,우천취소
,18:30,키움vs한화,,,SPO-2T,,대전,우천취소
06.21(토),17:00,두산6vs5LG,리뷰,하이라이트,MS-T,,잠실,-
,17:00,KIA5vs5SSG,리뷰,하이라이트,SPO-T,,문학,-
,17:00,삼성vs롯데,,,SS-T,,사직,우천취소
,17:00,NC5vs7KT,리뷰,하이라이트,KN-T,,수원,-
,17:00,키움vs한화,,,SPO-2T,,대전,우천취소
06.22(일),17:00,두산5vs13LG,리뷰,하이라이트,MS-T,,잠실,-
,17:00,KIA5vs4SSG,리뷰,하이라이트,SPO-T,,문학,-
,17:00,삼성6vs9롯데,리뷰,하이라이트,SS-T,,사직,-
,17:00,NC2vs0KT,리뷰,하이라이트,KN-T,,수원,-
,17:00,키움4vs10한화,리뷰,하이라이트,SPO-2T,,대전,-
06.24(화),18:30,SSG0vs5두산,리뷰,하이라이트,MS-T,,잠실,-
,18:30,한화vs삼성,,,KN-T,,대구,우천취소
,18:30,롯데vsNC,,,SS-T,,창원,우천취소
,18:30,LG0vs5KT,리뷰,하이라이트,SPO-T,,수원,-
,18:30,KIA6vs9키움,리뷰,하이라이트,SPO-2T,,고척,-
06.25(수),18:30,SSGvs두산,,,MS-T,,잠실,우천취소
,18:30,한화2vs7삼성,리뷰,하이라이트,KN-T,,대구,-
,18:30,롯데2vs7NC,리뷰,하이라이트,SS-T,,창원,-
,18:30,LGvsKT,,,SPO-T,,수원,우천취소
,18:30,KIA6vs3키움,리뷰,하이라이트,SPO-2T,,고척,-
06.26(목),18:30,SSG4vs1두산,리뷰,하이라이트,MS-T,,잠실,-
,18:30,한화3vs1삼성,리뷰,하이라이트,KN-T,,대구,-
,18:30,롯데7vs6NC,리뷰,하이라이트,SS-T,,창원,-
,18:30,LG4vs3KT,리뷰,하이라이트,SPO-T,,수원,-
,18:30,KIA5vs5키움,리뷰,하이라이트,SPO-2T,,고척,-
06.27(금),18:30,KIA3vs4LG,리뷰,하이라이트,MS-T,,잠실,-
,18:30,한화6vs8SSG,리뷰,하이라이트,KN-T,,문학,-
,18:30,KT11vs8롯데,리뷰,하이라이트,SPO-2T,,사직,-
,18:30,두산9vs10NC,리뷰,하이라이트,SPO-T,,창원,-
,18:30,삼성4vs5키움,리뷰,하이라이트,SS-T,,고척,-
06.28(토),17:00,KIA9vs8LG,리뷰,하이라이트,MS-T,,잠실,-
,17:00,한화5vs2SSG,리뷰,하이라이트,KN-T,,문학,-
,17:00,KT4vs0롯데,리뷰,하이라이트,SPO-2T,,사직,-
,17:00,두산1vs3NC,리뷰,하이라이트,SPO-T,,창원,-
,17:00,삼성0vs9키움,리뷰,하이라이트,SS-T,,고척,-
06.29(일),14:00,삼성7vs10키움,리뷰,하이라이트,SS-T,,고척,-
,17:00,KIA12vs2LG,리뷰,하이라이트,MS-T,,잠실,-
,17:00,한화0vs2SSG,리뷰,하이라이트,KN-T,,문학,-
,17:00,KT5vs10롯데,리뷰,하이라이트,SPO-2T,,사직,-
,17:00,두산7vs3NC,리뷰,하이라이트,SPO-T,,창원,-
날짜,시간,경기,게임센터,하이라이트,TV,라디오,구장,비고
07.01(화),18:30,삼성4vs1두산,리뷰,하이라이트,SPO-2T,,잠실,-
,18:30,LG3vs2롯데,리뷰,하이라이트,SPO-T,,사직,-
,18:30,키움7vs3KT,리뷰,하이라이트,SS-T,,수원,-
,18:30,SSG2vs3KIA,리뷰,하이라이트,KN-T,,광주,-
,18:30,NC4vs8한화,리뷰,하이라이트,MS-T,,대전,-
07.02(수),18:30,삼성0vs5두산,리뷰,하이라이트,SPO-2T,,잠실,-
,18:30,LG2vs5롯데,리뷰,하이라이트,SPO-T,,사직,-
,18:30,키움2vs4KT,리뷰,하이라이트,SS-T,,수원,-
,18:30,SSG8vs5KIA,리뷰,하이라이트,KN-T,,광주,-
,18:30,NC2vs0한화,리뷰,하이라이트,MS-T,,대전,-
07.03(목),18:30,삼성6vs4두산,리뷰,하이라이트,SPO-2T,,잠실,-
,18:30,LG0vs2롯데,리뷰,하이라이트,SPO-T,,사직,-
,18:30,키움2vs6KT,리뷰,하이라이트,SS-T,,수원,-
,18:30,SSG2vs3KIA,리뷰,하이라이트,KN-T,,광주,-
,18:30,NC7vs7한화,리뷰,하이라이트,MS-T,,대전,-
07.04(금),18:30,KT6vs3두산,리뷰,하이라이트,MS-T,,잠실,-
,18:30,LG1vs4삼성,리뷰,하이라이트,SPO-2T,,대구,-
,18:30,SSG4vs0NC,리뷰,하이라이트,SPO-T,,창원,-
,18:30,롯데5vs7KIA,리뷰,하이라이트,SS-T,,광주,-
,18:30,한화2vs1키움,리뷰,하이라이트,KN-T,,고척,-
07.05(토),18:00,KT2vs6두산,리뷰,하이라이트,MS-T,,잠실,-
,18:00,LG6vs7삼성,리뷰,하이라이트,SPO-2T,,대구,-
,18:00,SSG6vs1NC,리뷰,하이라이트,SPO-T,,창원,-
,18:00,롯데0vs13KIA,리뷰,하이라이트,SS-T,,광주,-
,18:00,한화6vs4키움,리뷰,하이라이트,KN-T,,고척,-
07.06(일),14:00,한화10vs1키움,리뷰,하이라이트,S-T,,고척,-
,18:00,KT7vs8두산,리뷰,하이라이트,SPO-2T,,잠실,-
,18:00,LG4vs2삼성,리뷰,하이라이트,SS-T,,대구,-
,18:00,SSG2vs3NC,리뷰,하이라이트,SPO-T,,창원,-
,,,,,MS-T,,,
,18:00,롯데5vs2KIA,리뷰,하이라이트,KN-T,,광주,-
07.08(화),18:30,키움3vs4LG,리뷰,하이라이트,SPO-2T,,잠실,-
,18:30,KT1vs7SSG,리뷰,하이라이트,SPO-T,,문학,-
,18:30,두산8vs5롯데,리뷰,하이라이트,KN-T,,사직,-
,18:30,삼성9vs10NC,리뷰,하이라이트,SS-T,,창원,-
,18:30,KIA8vs14한화,리뷰,하이라이트,MS-T,,대전,-
07.09(수),18:30,키움6vs12LG,리뷰,하이라이트,SPO-2T,,잠실,-
,18:30,KT10vs3SSG,리뷰,하이라이트,SPO-T,,문학,-
,18:30,두산4vs5롯데,리뷰,하이라이트,KN-T,,사직,-
,18:30,삼성0vs3NC,리뷰,하이라이트,SS-T,,창원,-
,18:30,KIA4vs7한화,리뷰,하이라이트,MS-T,,대전,-
07.10(목),18:30,키움4vs3LG,리뷰,하이라이트,SPO-2T,,잠실,-
,18:30,KT4vs2SSG,리뷰,하이라이트,SPO-T,,문학,-
,18:30,두산9vs0롯데,리뷰,하이라이트,KN-T,,사직,-
,18:30,삼성5vs7NC,리뷰,하이라이트,SS-T,,창원,-
,18:30,KIA2vs3한화,리뷰,하이라이트,MS-T,,대전,-
07.17(목),18:30,롯데vsLG,,,MS-T,,잠실,그라운드사정
,18:30,두산vsSSG,,,SPO-T,,문학,우천취소
,18:30,키움vs삼성,,,SPO-2T,,대구,우천취소
,18:30,한화vsKT,,,KN-T,,수원,우천취소
,18:30,NCvsKIA,,,SS-T,,광주,우천취소
07.18(금),18:30,롯데1vs2LG,리뷰,하이라이트,SPO-T,,잠실,-
,18:30,두산vsSSG,,,SPO-2T,,문학,그라운드사정
,18:30,키움vs삼성,,,SS-T,,대구,우천취소
,18:30,한화5vs0KT,리뷰,하이라이트,KN-T,,수원,-
,18:30,NCvsKIA,,,MS-T,,광주,우천취소
07.19(토),18:00,롯데6vs1LG,리뷰,하이라이트,SPO-T,,잠실,-
,18:00,두산5vs0SSG,리뷰,하이라이트,SPO-2T,,문학,-
,18:00,키움vs삼성,,,SS-T,,대구,우천취소
,18:00,한화6vs5KT,리뷰,하이라이트,KN-T,,수원,-
,18:00,NCvsKIA,,,MS-T,,광주,그라운드사정
07.20(일),18:00,롯데2vs3LG,리뷰,하이라이트,SPO-T,,잠실,-
,18:00,두산2vs1SSG,리뷰,하이라이트,SPO-2T,,문학,-
,18:00,키움10vs15삼성,리뷰,하이라이트,SS-T,,대구,-
,18:00,한화10vs0KT,리뷰,하이라이트,KN-T,,수원,-
,18:00,NC2vs3KIA,리뷰,하이라이트,MS-T,,광주,-
07.22(화),18:30,한화2vs1두산,리뷰,하이라이트,SPO-2T,,잠실,-
,18:30,SSG5vs7삼성,리뷰,하이라이트,KN-T,,대구,-
,18:30,KT7vs0NC,리뷰,하이라이트,SS-T,,창원,-
,18:30,LG9vs7KIA,리뷰,하이라이트,SPO-T,,광주,-
,18:30,롯데3vs6키움,리뷰,하이라이트,MS-T,,고척,-
07.23(수),18:30,한화2vs13두산,리뷰,하이라이트,SPO-2T,,잠실,-
,18:30,SSG0vs9삼성,리뷰,하이라이트,KN-T,,대구,-
,18:30,KT9vs2NC,리뷰,하이라이트,SS-T,,창원,-
,18:30,LG6vs5KIA,리뷰,하이라이트,SPO-T,,광주,-
,18:30,롯데4vs1키움,리뷰,하이라이트,MS-T,,고척,-
07.24(목),18:30,한화4vs4두산,리뷰,하이라이트,SPO-2T,,잠실,-
,18:30,SSG3vs1삼성,리뷰,하이라이트,KN-T,,대구,-
,18:30,KT5vs4NC,리뷰,하이라이트,SS-T,,창원,-
,18:30,LG8vs0KIA,리뷰,하이라이트,SPO-T,,광주,-
,18:30,롯데4vs0키움,리뷰,하이라이트,MS-T,,고척,-
07.25(금),18:30,LG6vs5두산,리뷰,하이라이트,SPO-T,,잠실,-
,18:30,KIA4vs7롯데,리뷰,하이라이트,SS-T,,사직,-
,18:30,키움7vs16NC,리뷰,하이라이트,KN-T,,창원,-
,18:30,삼성5vs8KT,리뷰,하이라이트,MS-T,,수원,-
,18:30,SSG0vs4한화,리뷰,하이라이트,SPO-2T,,대전,-
07.26(토),18:00,LG4vs3두산,리뷰,하이라이트,SPO-T,,잠실,-
,18:00,KIA4vs9롯데,리뷰,하이라이트,SS-T,,사직,-
,18:00,키움6vs8NC,리뷰,하이라이트,KN-T,,창원,-
,18:00,삼성11vs0KT,리뷰,하이라이트,MS-T,,수원,-
,18:00,SSG9vs3한화,리뷰,하이라이트,SPO-2T,,대전,-
07.27(일),18:00,LG6vs9두산,리뷰,하이라이트,SPO-T,,잠실,-
,18:00,KIA3vs5롯데,리뷰,하이라이트,SS-T,,사직,-
,18:00,키움4vs12NC,리뷰,하이라이트,KN-T,,창원,-
,18:00,삼성3vs4KT,리뷰,하이라이트,MS-T,,수원,-
,18:00,SSG3vs2한화,리뷰,하이라이트,SPO-2T,,대전,-
07.29(화),18:30,KT2vs8LG,리뷰,하이라이트,MS-T,,잠실,-
,18:30,키움3vs9SSG,리뷰,하이라이트,SPO-T,,문학,-
,18:30,NC4vs6롯데,리뷰,하이라이트,SS-T,,사직,-
,18:30,두산9vs6KIA,리뷰,하이라이트,KN-T,,광주,-
,18:30,삼성9vs2한화,리뷰,하이라이트,SPO-2T,,대전,-
07.30(수),18:30,KT0vs5LG,리뷰,하이라이트,MS-T,,잠실,-
,18:30,키움5vs5SSG,리뷰,하이라이트,SPO-T,,문학,-
,18:30,NC9vs4롯데,리뷰,하이라이트,SS-T,,사직,-
,18:30,두산2vs2KIA,리뷰,하이라이트,KN-T,,광주,-
,18:30,삼성0vs5한화,리뷰,하이라이트,SPO-2T,,대전,-
07.31(목),18:30,KT0vs18LG,리뷰,하이라이트,MS-T,,잠실,-
,18:30,키움2vs4SSG,리뷰,하이라이트,SPO-T,,문학,-
,18:30,NC5vs11롯데,리뷰,하이라이트,SS-T,,사직,-
,18:30,두산2vs3KIA,리뷰,하이라이트,KN-T,,광주,-
,18:30,삼성1vs7한화,리뷰,하이라이트,SPO-2T,,대전,-
날짜,시간,경기,게임센터,하이라이트,TV,라디오,구장,비고
08.01(금),18:30,SSG7vs2두산,리뷰,하이라이트,SS-T,,잠실,-
,18:30,LG4vs2삼성,리뷰,하이라이트,SPO-2T,,대구,-
,18:30,KT3vs5NC,리뷰,하이라이트,MS-T,,창원,-
,18:30,한화2vs3KIA,리뷰,하이라이트,SPO-T,,광주,-
,18:30,롯데0vs2키움,리뷰,하이라이트,KN-T,,고척,-
08.02(토),18:00,SSG4vs5두산,리뷰,하이라이트,SS-T,,잠실,-
,18:00,LG3vs2삼성,리뷰,하이라이트,SPO-2T,,대구,-
,18:00,KT6vs7NC,리뷰,하이라이트,MS-T,,창원,-
,18:00,한화vsKIA,,,SPO-T,,광주,우천취소
,18:00,롯데3vs2키움,리뷰,하이라이트,KN-T,,고척,-
08.03(일),14:00,롯데9vs3키움,리뷰,하이라이트,KN-T,,고척,-
,18:00,SSG3vs2두산,리뷰,하이라이트,SS-T,,잠실,-
,18:00,LG6vs3삼성,리뷰,하이라이트,SPO-2T,,대구,-
,18:00,KT1vs1NC,리뷰,하이라이트,MS-T,,창원,-
,18:00,한화vsKIA,,,SPO-T,,광주,우천취소
08.05(화),18:30,두산2vs4LG,리뷰,하이라이트,SPO-T,,잠실,-
,18:30,삼성6vs2SSG,리뷰,하이라이트,SPO-2T,,문학,-
,18:30,KIA2vs0롯데,리뷰,하이라이트,K-2T,,사직,-
,18:30,키움8vs5NC,리뷰,하이라이트,KN-T,,창원,-
,,,,,SS-T,,,
,18:30,KT5vs2한화,리뷰,하이라이트,MS-T,,대전,-
08.06(수),18:30,두산10vs8LG,리뷰,하이라이트,SPO-T,,잠실,-
,18:30,삼성4vs5SSG,리뷰,하이라이트,KN-T,,문학,-
,18:30,KIA1vs7롯데,리뷰,하이라이트,MS-T,,사직,-
,18:30,키움9vs5NC,리뷰,하이라이트,SS-T,,창원,-
,18:30,KT4vs5한화,리뷰,하이라이트,SPO-2T,,대전,-
08.07(목),18:30,두산3vs4LG,리뷰,하이라이트,SPO-T,,잠실,-
,18:30,삼성6vs1SSG,리뷰,하이라이트,KN-T,,문학,-
,18:30,KIA6vs5롯데,리뷰,하이라이트,MS-T,,사직,-
,18:30,키움13vs12NC,리뷰,하이라이트,SS-T,,창원,-
,18:30,KT5vs4한화,리뷰,하이라이트,SPO-2T,,대전,-
08.08(금),18:30,한화1vs2LG,리뷰,하이라이트,SS-T,,잠실,-
,18:30,SSG1vs0롯데,리뷰,하이라이트,SPO-T,,사직,-
,18:30,KIA4vs5NC,리뷰,하이라이트,MS-T,,창원,-
,18:30,삼성8vs4KT,리뷰,하이라이트,SPO-2T,,수원,-
,18:30,두산9vs2키움,리뷰,하이라이트,KN-T,,고척,-
08.09(토),18:00,한화1vs8LG,리뷰,하이라이트,SS-T,,잠실,-
,18:00,SSGvs롯데,,,SPO-T,,사직,우천취소
,18:00,KIAvsNC,,,MS-T,,창원,우천취소
,18:00,삼성1vs3KT,리뷰,하이라이트,SPO-2T,,수원,-
,18:00,두산6vs4키움,리뷰,하이라이트,KN-T,,고척,-
08.10(일),14:00,두산3vs4키움,리뷰,하이라이트,KN-T,,고척,-
,18:00,한화5vs4LG,리뷰,하이라이트,SS-T,,잠실,-
,18:00,SSG10vs1롯데,리뷰,하이라이트,SPO-T,,사직,-
,18:00,KIA12vs16NC,리뷰,하이라이트,MS-T,,창원,-
,18:00,삼성2vs9KT,리뷰,하이라이트,SPO-2T,,수원,-
08.12(화),18:30,NC3vs2두산,리뷰,하이라이트,MS-T,,잠실,-
,18:30,키움1vs3SSG,리뷰,하이라이트,SPO-T,,문학,-
,,,,,SPO-2T,,,
,18:30,KIA5vs1삼성,리뷰,하이라이트,KN-T,,대구,-
,18:30,LG11vs2KT,리뷰,하이라이트,SS-T,,수원,-
,18:30,롯데0vs2한화,리뷰,하이라이트,K-2T,,대전,-
08.13(수),18:30,NCvs두산,,,SPO-2T,,잠실,우천취소
,18:30,키움vsSSG,,,SPO-T,,문학,우천취소
,18:30,KIA9vs1삼성,리뷰,하이라이트,SS-T,,대구,-
,18:30,LGvsKT,,,MS-T,,수원,우천취소
,18:30,롯데0vs6한화,리뷰,하이라이트,KN-T,,대전,-
08.14(목),18:30,NC5vs6두산,리뷰,하이라이트,SPO-2T,,잠실,-
,18:30,키움2vs0SSG,리뷰,하이라이트,SPO-T,,문학,-
,18:30,KIA10vs4삼성,리뷰,하이라이트,SS-T,,대구,-
,18:30,LGvsKT,,,MS-T,,수원,그라운드사정
,18:30,롯데4vs5한화,리뷰,하이라이트,KN-T,,대전,-
08.15(금),18:00,KIA5vs6두산,리뷰,하이라이트,KN-T,,잠실,-
,18:00,LG5vs3SSG,리뷰,하이라이트,SPO-T,,문학,-
,18:00,삼성10vs4롯데,리뷰,하이라이트,SPO-2T,,사직,-
,18:00,한화9vs2NC,리뷰,하이라이트,MS-T,,창원,-
,18:00,KT3vs7키움,리뷰,하이라이트,SS-T,,고척,-
08.16(토),18:00,KIA3vs4두산,리뷰,하이라이트,KN-T,,잠실,-
,18:00,LG7vs10SSG,리뷰,하이라이트,SPO-T,,문학,-
,18:00,삼성4vs1롯데,리뷰,하이라이트,SPO-2T,,사직,-
,18:00,한화6vs9NC,리뷰,하이라이트,MS-T,,창원,-
,18:00,KT3vs4키움,리뷰,하이라이트,SS-T,,고척,-
08.17(일),14:00,KT5vs3키움,리뷰,하이라이트,SS-T,,고척,-
,18:00,KIA2vs4두산,리뷰,하이라이트,KN-T,,잠실,-
,18:00,LG6vs1SSG,리뷰,하이라이트,SPO-T,,문학,-
,18:00,삼성8vs8롯데,리뷰,하이라이트,SPO-2T,,사직,-
,18:00,한화4vs9NC,리뷰,하이라이트,MS-T,,창원,-
08.19(화),18:30,롯데2vs5LG,리뷰,하이라이트,K-2T,,잠실,-
,18:30,삼성6vs2NC,리뷰,하이라이트,MS-T,,창원,-
,18:30,SSG4vs5KT,리뷰,하이라이트,KN-T,,수원,-
,,,,,SPO-2T,,,
,18:30,키움9vs12KIA,리뷰,하이라이트,SPO-T,,광주,-
,18:30,두산6vs5한화,리뷰,하이라이트,SS-T,,대전,-
08.20(수),18:30,롯데3vs5LG,리뷰,하이라이트,SPO-T,,잠실,-
,18:30,삼성4vs3NC,리뷰,하이라이트,KN-T,,창원,-
,18:30,SSG5vs3KT,리뷰,하이라이트,SPO-2T,,수원,-
,18:30,키움6vs1KIA,리뷰,하이라이트,MS-T,,광주,-
,18:30,두산13vs9한화,리뷰,하이라이트,SS-T,,대전,-
08.21(목),18:30,롯데6vs6LG,리뷰,하이라이트,SPO-T,,잠실,-
,18:30,삼성5vs7NC,리뷰,하이라이트,KN-T,,창원,-
,18:30,SSG7vs1KT,리뷰,하이라이트,SPO-2T,,수원,-
,18:30,키움11vs10KIA,리뷰,하이라이트,MS-T,,광주,-
,18:30,두산6vs3한화,리뷰,하이라이트,SS-T,,대전,-
08.22(금),18:30,KT13vs8두산,리뷰,하이라이트,KN-T,,잠실,-
,18:30,키움2vs8삼성,리뷰,하이라이트,MS-T,,대구,-
,18:30,롯데6vs7NC,리뷰,하이라이트,SPO-T,,창원,-
,18:30,LG14vs2KIA,리뷰,하이라이트,SPO-2T,,광주,-
,18:30,SSG1vs0한화,리뷰,하이라이트,SS-T,,대전,-
08.23(토),18:00,KT6vs2두산,리뷰,하이라이트,KN-T,,잠실,-
,18:00,키움8vs12삼성,리뷰,하이라이트,MS-T,,대구,-
,18:00,롯데1vs4NC,리뷰,하이라이트,SPO-T,,창원,-
,18:00,LG6vs2KIA,리뷰,하이라이트,SPO-2T,,광주,-
,18:00,SSG0vs5한화,리뷰,하이라이트,SS-T,,대전,-
08.24(일),18:00,KT3vs2두산,리뷰,하이라이트,KN-T,,잠실,-
,18:00,키움4vs7삼성,리뷰,하이라이트,MS-T,,대구,-
,18:00,롯데17vs5NC,리뷰,하이라이트,SPO-T,,창원,-
,18:00,LG2vs1KIA,리뷰,하이라이트,SPO-2T,,광주,-
,18:00,SSG2vs5한화,리뷰,하이라이트,SS-T,,대전,-
08.26(화),18:30,삼성6vs2두산,리뷰,하이라이트,SPO-T,,잠실,-
,,,,,MS-T,,,
,18:30,KIA5vs9SSG,리뷰,하이라이트,KN-T,,문학,-
,18:30,KT3vs4롯데,리뷰,하이라이트,SS-T,,사직,-
,18:30,LG7vs9NC,리뷰,하이라이트,SPO-2T,,창원,-
,18:30,한화3vs1키움,리뷰,하이라이트,K-2T,,고척,-
08.27(수),18:30,삼성14vs1두산,리뷰,하이라이트,MS-T,,잠실,-
,18:30,KIA4vs2SSG,리뷰,하이라이트,SPO-2T,,문학,-
,18:30,KT7vs2롯데,리뷰,하이라이트,SPO-T,,사직,-
,18:30,LG10vs1NC,리뷰,하이라이트,SS-T,,창원,-
,18:30,한화3vs1키움,리뷰,하이라이트,KN-T,,고척,-
08.28(목),18:30,삼성6vs7두산,리뷰,하이라이트,MS-T,,잠실,-
,18:30,KIA10vs6SSG,리뷰,하이라이트,SPO-2T,,문학,-
,18:30,KT2vs3롯데,리뷰,하이라이트,SPO-T,,사직,-
,18:30,LG4vs3NC,리뷰,하이라이트,SS-T,,창원,-
,18:30,한화9vs3키움,리뷰,하이라이트,KN-T,,고척,-
08.29(금),18:30,키움3vs2LG,리뷰,하이라이트,SPO-2T,,잠실,-
,18:30,NC0vs8SSG,리뷰,하이라이트,SPO-T,,문학,-
,18:30,두산7vs1롯데,리뷰,하이라이트,SS-T,,사직,-
,18:30,KIA10vs1KT,리뷰,하이라이트,KN-T,,수원,-
,18:30,삼성5vs3한화,리뷰,하이라이트,MS-T,,대전,-
08.30(토),18:00,키움5vs6LG,리뷰,하이라이트,SPO-2T,,잠실,-
,18:00,NC12vs2SSG,리뷰,하이라이트,SPO-T,,문학,-
,18:00,두산8vs8롯데,리뷰,하이라이트,SS-T,,사직,-
,18:00,KIA2vs8KT,리뷰,하이라이트,KN-T,,수원,-
,18:00,삼성4vs0한화,리뷰,하이라이트,MS-T,,대전,-
08.31(일),18:00,키움6vs5LG,리뷰,하이라이트,SPO-2T,,잠실,-
,18:00,NC8vs10SSG,리뷰,하이라이트,SPO-T,,문학,-
,18:00,두산1vs5롯데,리뷰,하이라이트,SS-T,,사직,-
,18:00,KIA6vs7KT,리뷰,하이라이트,KN-T,,수원,-
,18:00,삼성5vs3한화,리뷰,하이라이트,MS-T,,대전,-
날짜,시간,경기,게임센터,하이라이트,TV,라디오,구장,비고
09.02(화),18:30,롯데2vs3LG,리뷰,하이라이트,SS-T,,잠실,-
,18:30,키움1vs6SSG,리뷰,하이라이트,SPO-2T,,문학,-
,18:30,NC9vs4KT,리뷰,하이라이트,SPO-T,,수원,-
,,,,,MS-T,,,
,18:30,KIA3vs21한화,리뷰,하이라이트,KN-T,,대전,-
09.03(수),18:30,키움4vs3삼성,리뷰,하이라이트,SPO-2T,,대구,-
,,,,,SPO-T,,,
,18:30,롯데8vs9KT,리뷰,하이라이트,SS-T,,수원,-
,18:30,SSG2vs1KIA,리뷰,하이라이트,KN-T,,광주,-
,18:30,NC5vs6한화,리뷰,하이라이트,MS-T,,대전,-
09.04(목),18:30,키움vs삼성,,,KN-T,,대구,우천취소
,18:30,두산12vs3NC,리뷰,하이라이트,SS-T,,창원,-
,,,,,SPO-2T,,,
,18:30,LG10vs8KT,리뷰,하이라이트,SPO-T,,수원,-
,18:30,SSGvsKIA,,,MS-T,,광주,우천취소
09.05(금),18:30,롯데5vs7SSG,리뷰,하이라이트,SPO-T,,문학,-
,18:30,키움3vs8삼성,리뷰,하이라이트,MS-T,,대구,-
,18:30,두산9vs3NC,리뷰,하이라이트,KN-T,,창원,-
,,,,,SS-T,,,
,18:30,KTvsKIA,,,SPO-2T,,광주,우천취소
09.06(토),17:00,LGvs두산,,,SPO-2T,,잠실,우천취소
,17:00,롯데vsSSG,,,SPO-T,,문학,우천취소
,17:00,한화7vs4삼성,리뷰,하이라이트,SS-T,,대구,-
,17:00,KIA8vs4NC,리뷰,하이라이트,MS-T,,창원,-
,,,,,KN-T,,,
09.07(일),17:00,SSG7vs3LG,리뷰,하이라이트,KN-T,,잠실,-
,,,,,SPO-T,,,
,17:00,한화3vs4삼성,리뷰,하이라이트,SS-T,,대구,-
,17:00,KIA1vs2NC,리뷰,하이라이트,SPO-2T,,창원,-
,,,,,MS-T,,,
09.09(화),18:30,한화9vs1롯데,리뷰,하이라이트,SPO-T,,사직,-
,18:30,SSGvsNC,,,SS-T,,창원,우천취소
,18:30,두산1vs8KT,리뷰,하이라이트,KN-T,,수원,-
,18:30,삼성vsKIA,,,MS-T,,광주,그라운드사정
,18:30,LG2vs11키움,리뷰,하이라이트,SPO-2T,,고척,-
09.10(수),18:30,LG8vs4두산,리뷰,하이라이트,SPO-2T,,잠실,-
,18:30,한화13vs0롯데,리뷰,하이라이트,SPO-T,,사직,-
,18:30,SSG4vs5NC,리뷰,하이라이트,MS-T,,창원,-
,,,,,KN-T,,,
,18:30,삼성0vs4KIA,리뷰,하이라이트,SS-T,,광주,-
09.11(목),18:30,KT6vs4LG,리뷰,하이라이트,SPO-T,,잠실,-
,18:30,SSG8vs4삼성,리뷰,하이라이트,SPO-2T,,대구,-
,18:30,롯데4vs3KIA,리뷰,하이라이트,KN-T,,광주,-
,18:30,NC1vs4키움,리뷰,하이라이트,MS-T,,고척,-
,,,,,SS-T,,,
09.12(금),18:30,NCvsLG,,,SPO-T,,잠실,우천취소
,,,,,SS-T,,,
,18:30,두산4vs5KIA,리뷰,하이라이트,SPO-2T,,광주,-
,,,,,MS-T,,,
,18:30,키움vs한화,,,KN-T,,대전,우천취소
09.13(토),17:00,KIA6vs3LG,리뷰,하이라이트,SPO-T,,잠실,-
,17:00,SSG11vs12롯데,리뷰,하이라이트,MS-T,,사직,-
,17:00,KT5vs3삼성,리뷰,하이라이트,SPO-2T,,대구,-
,17:00,두산4vs6NC,리뷰,하이라이트,SS-T,,창원,-
,17:00,키움5vs10한화,리뷰,하이라이트,KN-T,,대전,-
09.14(일),17:00,KIA0vs14LG,리뷰,하이라이트,SS-T,,잠실,-
,17:00,KT2vs6삼성,리뷰,하이라이트,SPO-2T,,대구,-
,17:00,두산0vs6NC,리뷰,하이라이트,SPO-T,,창원,-
,,,,,MS-T,,,
,17:00,키움13vs10한화,리뷰,하이라이트,KN-T,,대전,-
09.15(월),18:30,키움6vs7한화,리뷰,하이라이트,SPO-T,,대전,-
,,,,,SPO-2T,,,
,,,,,MS-T,,,
,,,,,SS-T,,,
09.16(화),18:30,키움4vs1두산,리뷰,하이라이트,SPO-2T,,잠실,-
,18:30,롯데5vs7삼성,리뷰,하이라이트,KN-T,,대구,-
,18:30,SSG7vs3NC,리뷰,하이라이트,MS-T,,창원,-
,18:30,LG10vs6KT,리뷰,하이라이트,SPO-T,,수원,-
,18:30,한화11vs1KIA,리뷰,하이라이트,SS-T,,광주,-
09.17(수),15:00,SSGvsNC,,,SPO-T,,창원,우천취소
,18:30,키움4vs2두산,리뷰,하이라이트,MS-T,,잠실,-
,18:30,롯데vs삼성,,,SS-T,,대구,그라운드사정
,18:30,SSG0vs4NC,리뷰,하이라이트,SPO-T,,창원,-
,18:30,LGvsKT,,,KN-T,,수원,우천취소
,18:30,한화6vs2KIA,리뷰,하이라이트,SPO-2T,,광주,-
09.18(목),15:00,LG6vs2KT,리뷰,하이라이트,KN-T,,수원,-
,18:30,LG14vs1KT,리뷰,하이라이트,KN-T,,수원,-
,18:30,키움2vs3두산,리뷰,하이라이트,SPO-2T,,잠실,-
,,,,,SPO-T,,,
,18:30,삼성9vs5NC,리뷰,하이라이트,SS-T,,창원,-
,18:30,한화4vs3KIA,리뷰,하이라이트,MS-T,,광주,-
09.19(금),18:30,두산vsSSG,,,SS-T,,문학,우천취소
,,,,,SPO-2T,,,
,18:30,롯데18vs2NC,리뷰,하이라이트,KN-T,,창원,-
,,,,,SPO-T,,,
,18:30,한화vsKT,,,MS-T,,수원,우천취소
09.20(토),17:00,삼성14vs4LG,리뷰,하이라이트,SPO-2T,,잠실,-
,17:00,두산2vs15SSG,리뷰,하이라이트,SPO-T,,문학,-
,17:00,키움15vs5롯데,리뷰,하이라이트,KN-T,,사직,-
,17:00,한화2vs4KT,리뷰,하이라이트,MS-T,,수원,-
,17:00,NC4vs5KIA,리뷰,하이라이트,SS-T,,광주,-
09.21(일),14:00,두산3vs7SSG,리뷰,하이라이트,S-T,,문학,-
,14:00,삼성3vs6KT,리뷰,하이라이트,M-T,,수원,-
,14:00,NC7vs6KIA,리뷰,하이라이트,SPO-2T,,광주,-
,,,,,MS-T,,,
,,,,,SPO-T,,,
09.22(월),18:30,두산9vs2SSG,리뷰,하이라이트,MS-T,,문학,-
,,,,,SPO-T,,,
09.23(화),18:30,KIA0vs5SSG,리뷰,하이라이트,SPO-T,,문학,-
,18:30,두산5vs7삼성,리뷰,하이라이트,MS-T,,대구,-
,18:30,키움0vs7KT,리뷰,하이라이트,KN-T,,수원,-
,,,,,SPO-2T,,,
,18:30,NC4vs2롯데,리뷰,하이라이트,SS-T,,울산,-
09.24(수),18:30,한화vsSSG,,,SS-T,,문학,우천취소
,18:30,롯데4vs9삼성,리뷰,하이라이트,SPO-2T,,대구,-
,18:30,LG5vs10NC,리뷰,하이라이트,MS-T,,창원,-
,18:30,KIA2vs0키움,리뷰,하이라이트,KN-T,,고척,-
,,,,,SPO-T,,,
09.25(목),18:30,한화0vs7두산,리뷰,하이라이트,SS-T,,잠실,-
,18:30,KT10vs1SSG,리뷰,하이라이트,MS-T,,문학,-
,,,,,KN-T,,,
,18:30,키움3vs12삼성,리뷰,하이라이트,SPO-2T,,대구,-
,18:30,LG11vs1롯데,리뷰,하이라이트,SPO-T,,울산,-
09.26(금),18:30,NC3vs0두산,리뷰,하이라이트,SS-T,,잠실,-
,,,,,KN-T,,,
,18:30,KT2vs5SSG,리뷰,하이라이트,MS-T,,문학,-
,18:30,삼성9vs10롯데,리뷰,하이라이트,SPO-T,,사직,-
,18:30,LG1vs4한화,리뷰,하이라이트,SPO-2T,,대전,-
09.27(토),17:00,SSG6vs2두산,리뷰,하이라이트,SPO-T,,잠실,-
,,,,,SS-T,,,
,17:00,NC2vs1KIA,리뷰,하이라이트,SPO-2T,,광주,-
,,,,,MS-T,,,
,17:00,LG9vs2한화,리뷰,하이라이트,KN-T,,대전,-
09.28(일),14:00,롯데2vs7두산,리뷰,하이라이트,MS-T,,잠실,-
,14:00,NCvsKIA,,,SS-T,,광주,우천취소
,,,,,SPO-2T,,,
,14:00,삼성4vs2키움,리뷰,하이라이트,KN-T,,고척,-
,,,,,SPO-T,,,
,14:00,LGvs한화,,,S-T,,대전,우천취소
09.29(월),18:30,롯데2vs4SSG,리뷰,하이라이트,MS-T,,문학,-
,,,,,SPO-T,,,
,18:30,NC13vs4KIA,리뷰,하이라이트,SPO-2T,,광주,-
,,,,,SS-T,,,
,18:30,LG3vs7한화,리뷰,하이라이트,KN-T,,대전,-
09.30(화),18:30,두산6vs0LG,리뷰,하이라이트,KN-T,,잠실,-
,18:30,KIA0vs5삼성,리뷰,하이라이트,MS-T,,대구,-
,18:30,KT4vs9NC,리뷰,하이라이트,SS-T,,창원,-
,18:30,SSG4vs3키움,리뷰,하이라이트,SPO-T,,고척,-
,18:30,롯데0vs1한화,리뷰,하이라이트,SPO-2T,,대전,-
,,,,,,,,
날짜,시간,경기,게임센터,하이라이트,TV,라디오,구장,비고
10.01(수),18:30,NC7vs3LG,리뷰,하이라이트,SPO-T,,잠실,-
,,,,,KN-T,,,
,18:30,한화5vs6SSG,리뷰,하이라이트,MS-T,,문학,-
,18:30,KT9vs3KIA,리뷰,하이라이트,SPO-2T,,광주,-
,,,,,SS-T,,,
10.02(목),18:30,SSG2vs7KIA,리뷰,하이라이트,SPO-T,,광주,-
,,,,,KN-T,,,
,,,,,MS-T,,,
,,,,,SS-T,,,
,,,,,SPO-2T,,,
10.03(금),17:00,SSGvsNC,,,SS-T,,창원,우천취소
,,,,,SPO-2T,,,
,17:00,한화6vs6KT,리뷰,하이라이트,SPO-T,,수원,-
,17:00,삼성vsKIA,,,MS-T,,광주,우천취소
,,,,,KN-T,,,
10.04(토),17:00,SSG1vs7NC,리뷰,하이라이트,SPO-2T,,창원,-
,17:00,삼성8vs9KIA,리뷰,하이라이트,SPO-T,,광주,
